profile,profile_name,profile_email,job_title,checked_in,cancelled,refunded,affiliate,event_id,order_id
"{'username': 'vbaumgartner', 'name': 'Hans-Peter Merz', 'sex': 'M', 'address': 'Bieristrasse 46\n5464 Zürich', 'mail': 'tiagoprobst@hotmail.com', 'birthdate': datetime.date(1971, 8, 19)}",August Steinmann,assuntaschenk@example.org,Data Scientist,True,False,True,"Kunz, Schäfer and Bernasconi",9651,5625
"{'username': 'emanuela50', 'name': 'Zoltán Käser', 'sex': 'F', 'address': 'Kellerstrasse 59\n9734 Payerne', 'mail': 'zschmid@gmail.com', 'birthdate': datetime.date(1955, 2, 4)}",Milan Iten-Häfliger,fabian64@example.com,UX/UI Designer,True,False,True,Egger LLC,7358,9162
"{'username': 'ioannis73', 'name': 'Dr. Joel Tobler', 'sex': 'M', 'address': 'Zinggstrasse 92\n6293 Rüti', 'mail': 'hessarmando@hotmail.com', 'birthdate': datetime.date(1935, 9, 7)}",Mireille Schoch,patrizia86@example.net,Data Scientist,True,True,True,"Friedli, Schlatter and Knecht",8966,9604
"{'username': 'lukas82', 'name': 'Gregor Hug', 'sex': 'M', 'address': 'Schaubstrasse 99\n4816 Onex', 'mail': 'omar94@yahoo.com', 'birthdate': datetime.date(2011, 4, 12)}",Jerome Weber,jjenni@example.com,Marketing and Communications Expert,True,True,True,Bauer-Winkler,2815,3551
"{'username': 'shaban26', 'name': 'Biljana Koch', 'sex': 'M', 'address': 'Toblerstrasse 1\n3246 Sarnen', 'mail': 'proos@yahoo.com', 'birthdate': datetime.date(1954, 11, 23)}",Noa Eichenberger,rayan49@example.net,Data Scientist,True,True,True,"Hofmann, Friedli and Wehrli",8588,9373
"{'username': 'heidy16', 'name': 'Prof. Lirim Staub', 'sex': 'F', 'address': 'Studerstrasse 62\n3174 Yverdon-les-Bains', 'mail': 'valentine94@gmail.com', 'birthdate': datetime.date(1968, 4, 7)}",Julia Tanner,dlanz@example.org,Software Engineer,True,True,True,"Näf, Fehr and Flückiger",1789,6996
"{'username': 'mbattig', 'name': 'Jakub Schweizer', 'sex': 'F', 'address': 'Ferraristrasse 56\n7331 Crans-Montana', 'mail': 'hofmanndamjan@yahoo.com', 'birthdate': datetime.date(1947, 9, 21)}",Carine Wolf Roth,giulioscherrer@example.net,Full Stack Developer,True,False,True,Meister-Spörri,3409,6049
"{'username': 'marcela38', 'name': 'Kiara Burri Tobler', 'sex': 'M', 'address': 'Gutstrasse 557\n3970 Neuenburg', 'mail': 'suzana29@yahoo.com', 'birthdate': datetime.date(1932, 11, 13)}",Tatjana Studer-Schwarz,doloresgut@example.net,Data Scientist,True,True,True,Hartmann-Iten,4766,1802
"{'username': 'aurorebauer', 'name': 'Imelda Winkler', 'sex': 'M', 'address': 'Sidlerstrasse 62\n9366 Brig-Glis', 'mail': 'mayerfernanda@yahoo.com', 'birthdate': datetime.date(1967, 7, 29)}",Helmut Tanner,petrabrun@example.net,IT Consultant,True,True,True,Hermann-Wirz,9026,8772
"{'username': 'bberger', 'name': 'Corinne Pfister', 'sex': 'F', 'address': 'Lüthistrasse 75\n3868 Martigny', 'mail': 'shaban68@yahoo.com', 'birthdate': datetime.date(1973, 4, 26)}",Prof. Alexandra Erni,ghofstetter@example.com,UX/UI Designer,True,True,True,Lehmann-Wehrli,4003,1149
"{'username': 'juliofuchs', 'name': 'Magdalena Zollinger', 'sex': 'F', 'address': 'Fischerstrasse 49\n1066 Wohlen', 'mail': 'hassanschenk@hotmail.com', 'birthdate': datetime.date(1984, 2, 17)}",Maryline Weber,egliantonio@example.org,Front End Developer,False,False,False,Braun Group,2224,7505
"{'username': 'barnikolaus', 'name': 'Sylvia Schneider', 'sex': 'M', 'address': 'Ernststrasse 50\n4212 Arth', 'mail': 'bosshardzeno@gmail.com', 'birthdate': datetime.date(1998, 5, 10)}",Jean-Claude Schaub,geigerdanica@example.net,Front End Developer,False,True,True,"Egger, Favre and Fischer",5637,2105
"{'username': 'elif80', 'name': 'Sereina Meier', 'sex': 'M', 'address': 'Gigerstrasse 51\n5068 Genf', 'mail': 'mariana46@gmail.com', 'birthdate': datetime.date(1993, 8, 31)}",Leonor Hotz Egger,fabrice58@example.org,Post Doctoral Researcher,True,True,True,"Käser, Widmer and Kohler",6464,5201
"{'username': 'qschwarz', 'name': 'Jean-Marc Wirz', 'sex': 'M', 'address': 'Zinggstrasse 92\n2424 Winterthur', 'mail': 'ofrick@gmail.com', 'birthdate': datetime.date(1987, 11, 14)}",Kamil Pfister,wmader@example.com,IT Consultant,True,True,False,Spörri-Gerber,2174,7782
"{'username': 'anna-maria86', 'name': 'Sanela Schuler-Hasler', 'sex': 'M', 'address': 'Zieglerstrasse 949\n3599 Belp', 'mail': 'ueli96@hotmail.com', 'birthdate': datetime.date(2011, 8, 18)}",Peter Lehmann,peroschenk@example.net,Data Scientist,True,False,True,Schaub-Probst,1455,4795
"{'username': 'janinajaggi', 'name': 'Morris Jenni', 'sex': 'F', 'address': 'Grobstrasse 1\n8912 Muri', 'mail': 'dejanschwarz@yahoo.com', 'birthdate': datetime.date(1978, 1, 31)}",Ekaterina Ernst,hesscedric@example.net,IT Consultant,True,True,True,Eugster-Wyss,2539,9518
"{'username': 'melindagiger', 'name': 'Nelson Kunz', 'sex': 'F', 'address': 'Sidlerstrasse 324\n6614 Luzern', 'mail': 'kaiserariane@yahoo.com', 'birthdate': datetime.date(1946, 4, 4)}",Noëlle Stadelmann,hotznives@example.org,IT Consultant,True,True,False,Stettler Ltd,7026,4671
"{'username': 'kilian24', 'name': 'Meryem Jost', 'sex': 'M', 'address': 'Burristrasse 82\n3389 Glarus', 'mail': 'irey@gmail.com', 'birthdate': datetime.date(1934, 10, 1)}",Lotte Frei-Widmer,cluscher@example.net,Network Administrator,True,True,True,Hotz Inc,2485,8002
"{'username': 'rodolfo27', 'name': 'Fernande Frey', 'sex': 'F', 'address': 'Islerstrasse 80\n2341 Risch', 'mail': 'katerinaschwarz@gmail.com', 'birthdate': datetime.date(2001, 12, 29)}",Nevio Spörri,jwagner@example.net,Systems Analyst,True,True,True,Vogel-Blaser,6678,1779
"{'username': 'meinrad23', 'name': 'Käthi Flückiger', 'sex': 'F', 'address': 'Lanzstrasse 91\n2187 Monthey', 'mail': 'denise03@gmail.com', 'birthdate': datetime.date(1959, 10, 24)}",Adelina Käser Lüthi,betschartluca@example.com,Systems Analyst,False,True,True,Berger Ltd,4500,7663
"{'username': 'larissaarnold', 'name': 'Dr. Edmond Ammann', 'sex': 'M', 'address': 'Freystrasse 622\n3708 Solothurn', 'mail': 'haslerjack@hotmail.com', 'birthdate': datetime.date(2019, 5, 14)}",Roman Wirth,wuthrichvictor@example.net,Systems Analyst,True,True,True,Häfliger-Stalder,1134,4220
"{'username': 'ifavre', 'name': 'Prof. Jean-Marc Eugster', 'sex': 'F', 'address': 'Baurstrasse 88\n1429 Basel', 'mail': 'florent49@gmail.com', 'birthdate': datetime.date(1921, 5, 12)}",Natalie Stocker Winkler,waldemar68@example.org,IT Consultant,True,True,True,Steffen Inc,7000,5894
"{'username': 'safet42', 'name': 'Violeta Wirth', 'sex': 'F', 'address': 'Küngstrasse 5\n8376 Brugg', 'mail': 'uluthi@hotmail.com', 'birthdate': datetime.date(1940, 3, 22)}",Pavel Michel,friedrichsuter@example.com,Network Administrator,True,True,True,Bader-Schumacher,2937,2342
"{'username': 'haassuleyman', 'name': 'Rina Martin Portmann', 'sex': 'F', 'address': 'Stadelmannstrasse 3\n4880 Thônex', 'mail': 'kuhnclaus@gmail.com', 'birthdate': datetime.date(1963, 8, 26)}",Kevin Frei-Steiner,lorikhuber@example.net,Front End Developer,True,False,False,Wirz-Bader,6257,3532
"{'username': 'reytatjana', 'name': 'Prof. Enver Hofer', 'sex': 'M', 'address': 'Langstrasse 25\n6194 Chur', 'mail': 'beugster@gmail.com', 'birthdate': datetime.date(1972, 6, 11)}",Adolf Meier,dejan59@example.org,Systems Analyst,True,True,True,Sidler Group,7474,2069
"{'username': 'fatima89', 'name': 'Kilian Sidler', 'sex': 'F', 'address': 'Stöcklistrasse 12\n8494 Illnau-Effretikon', 'mail': 'axel00@hotmail.com', 'birthdate': datetime.date(2016, 8, 24)}",Remzi Probst,dscheidegger@example.net,Software Engineer,True,True,True,Wolf PLC,7156,2831
"{'username': 'ustutz', 'name': 'Lazar Maier', 'sex': 'M', 'address': 'Geigerstrasse 47\n4319 Aesch', 'mail': 'aurorazbinden@hotmail.com', 'birthdate': datetime.date(1992, 6, 29)}",Mila Isler,agathemarti@example.net,Systems Analyst,True,False,True,"Beck, Gut and Stadelmann",7796,2957
"{'username': 'leticiaforster', 'name': 'Massimiliano Arnold', 'sex': 'M', 'address': 'Kellerstrasse 5\n2813 Steinhausen', 'mail': 'ronny10@hotmail.com', 'birthdate': datetime.date(2009, 5, 23)}",Charlotte Schäfer,colette54@example.org,Full Stack Developer,True,False,True,Schmidt-Küng,1531,3724
"{'username': 'imettler', 'name': 'Matilde Meyer', 'sex': 'F', 'address': 'Staufferstrasse 12\n6242 Pratteln', 'mail': 'lillyschenk@yahoo.com', 'birthdate': datetime.date(1975, 8, 17)}",Doris Schärer,wwegmann@example.com,Post Doctoral Researcher,True,True,True,"Schaller, Wettstein and Martin",3778,4655
"{'username': 'meretbuhlmann', 'name': 'Ferenc Ziegler', 'sex': 'F', 'address': 'Stutzstrasse 835\n8530 Gossau', 'mail': 'baumgartnerolaf@yahoo.com', 'birthdate': datetime.date(1967, 11, 9)}",Ema Michel,schaubclemence@example.net,Network Administrator,True,False,True,"Stocker, Stutz and Roos",4397,2476
"{'username': 'kuhnnoah', 'name': 'Dr. Rosmarie Ackermann', 'sex': 'F', 'address': 'Schenkstrasse 920\n8814 Steinhausen', 'mail': 'buchersimona@yahoo.com', 'birthdate': datetime.date(1926, 3, 15)}",Giuseppa Staub,marcel70@example.org,Software Engineer,True,True,False,"Steinmann, Senn and Michel",8820,5184
"{'username': 'delphine85', 'name': 'Anika Knecht', 'sex': 'F', 'address': 'Käserstrasse 56\n7962 Luzern', 'mail': 'gino27@hotmail.com', 'birthdate': datetime.date(1981, 8, 31)}",Mireille Hess,brunvincenza@example.org,Full Stack Developer,True,True,True,Maurer Inc,4407,8683
"{'username': 'kesslerluis', 'name': 'Mladen Felber', 'sex': 'F', 'address': 'Lüthistrasse 599\n3548 Meilen', 'mail': 'lorenzoschneider@yahoo.com', 'birthdate': datetime.date(1983, 10, 13)}",Line Ziegler,dino85@example.net,Marketing and Communications Expert,False,False,True,Flückiger Group,8109,2340
"{'username': 'philippwettstein', 'name': 'Stephanie Seiler', 'sex': 'M', 'address': 'Amreinstrasse 28\n6564 Ostermundigen', 'mail': 'steigermehdi@yahoo.com', 'birthdate': datetime.date(1973, 8, 14)}",Annie Jenni Spörri,mstadelmann@example.net,Front End Developer,True,True,True,Koch-Stettler,2759,2744
"{'username': 'jblaser', 'name': 'Célia Thommen Näf', 'sex': 'F', 'address': 'Eugsterstrasse 7\n5996 Bulle', 'mail': 'deugster@yahoo.com', 'birthdate': datetime.date(1950, 2, 18)}",Sónia Kuhn,corneliawalter@example.net,Systems Analyst,False,True,True,Steffen-Kägi,1571,4801
"{'username': 'jzimmermann', 'name': 'Jeffrey Stalder', 'sex': 'F', 'address': 'Haslerstrasse 1\n6279 Burgdorf', 'mail': 'fehrswen@yahoo.com', 'birthdate': datetime.date(1922, 5, 25)}",Konrad Fuchs-Steinmann,berthekoch@example.org,Systems Analyst,False,True,True,Baur-Schuler,6990,9395
"{'username': 'flanz', 'name': 'Helena Berger Zürcher', 'sex': 'F', 'address': 'Bosshardstrasse 305\n3883 Flawil', 'mail': 'helmut54@gmail.com', 'birthdate': datetime.date(1954, 8, 23)}",Gabriele Beck,nschuler@example.com,Marketing and Communications Expert,True,True,True,Peter-Kessler,4874,7338
"{'username': 'czollinger', 'name': 'Dr. Lian Imhof', 'sex': 'M', 'address': 'Schürchstrasse 958\n5409 Risch', 'mail': 'nikolastettler@hotmail.com', 'birthdate': datetime.date(1968, 7, 25)}",Renée Scherrer,micheltobias@example.com,Network Administrator,True,True,True,Merz Ltd,5585,9286
"{'username': 'pbuhlmann', 'name': 'Estelle Aebi', 'sex': 'F', 'address': 'Staubstrasse 170\n1710 Plan-les-Ouates', 'mail': 'martinekaterina@yahoo.com', 'birthdate': datetime.date(2009, 12, 1)}",Ivano Leu,arlette15@example.com,Network Administrator,True,True,True,"Hasler, Gross and Bär",1744,9448
"{'username': 'federica58', 'name': 'Antonina Bernasconi', 'sex': 'F', 'address': 'Wengerstrasse 74\n9072 Muttenz', 'mail': 'schumacherannika@hotmail.com', 'birthdate': datetime.date(2005, 4, 15)}",Jaël Stöckli,gutjasmina@example.org,Systems Analyst,False,True,False,Aebi-Bernasconi,4210,8940
"{'username': 'eduardgasser', 'name': 'Zoltán Hauser', 'sex': 'M', 'address': 'Mäderstrasse 8\n7865 Chêne-Bougeries', 'mail': 'hzimmermann@gmail.com', 'birthdate': datetime.date(1934, 11, 18)}",Dr. Raphael Weibel,vincenzolutz@example.net,Data Scientist,True,True,True,Schaller PLC,3735,8758
"{'username': 'leanekalin', 'name': 'Bianca Flückiger', 'sex': 'F', 'address': 'Stöcklistrasse 697\n2833 Basel', 'mail': 'goncalofurrer@hotmail.com', 'birthdate': datetime.date(1982, 6, 7)}",Margit Felder,uleu@example.net,Software Engineer,False,True,True,Schäfer and Sons,4915,3890
"{'username': 'stuckipavel', 'name': 'Joseph Hermann', 'sex': 'M', 'address': 'Ritterstrasse 51\n9730 Urdorf', 'mail': 'scheideggerlirim@yahoo.com', 'birthdate': datetime.date(1959, 1, 1)}",Fabiana Bühlmann,rosanna91@example.net,Systems Analyst,False,True,True,Frey PLC,6122,8067
"{'username': 'emmanuel42', 'name': 'Luisa Lanz', 'sex': 'F', 'address': 'Moserstrasse 42\n3552 Schaffhausen', 'mail': 'jaquelinebachmann@yahoo.com', 'birthdate': datetime.date(1908, 11, 3)}",Jeanine Sigrist Arnold,swehrli@example.com,Systems Analyst,True,True,False,Sigrist Inc,9916,7433
"{'username': 'louis16', 'name': 'Lidia Lustenberger-Lanz', 'sex': 'F', 'address': 'Hotzstrasse 742\n1500 Crans-Montana', 'mail': 'liankaufmann@gmail.com', 'birthdate': datetime.date(2006, 6, 3)}",Antonina Gfeller,dkaufmann@example.net,Systems Analyst,True,True,True,"Roth, Egli and Knecht",2571,1755
"{'username': 'schneidercornelius', 'name': 'Katerina Schoch', 'sex': 'M', 'address': 'Steigerstrasse 7\n5172 Affoltern', 'mail': 'kwidmer@hotmail.com', 'birthdate': datetime.date(1943, 1, 4)}",Maud Hess,studererwin@example.org,Marketing and Communications Expert,True,True,True,Suter PLC,6928,1267
"{'username': 'estherfankhauser', 'name': 'Sascha Steiner', 'sex': 'M', 'address': 'Sutterstrasse 33\n7945 Chêne-Bougeries', 'mail': 'marthe34@hotmail.com', 'birthdate': datetime.date(1920, 12, 28)}",Jérôme Egli,luthiregina@example.net,Front End Developer,True,True,True,Zürcher LLC,4273,6937
"{'username': 'arnoldvisar', 'name': 'Marlène Schäfer', 'sex': 'M', 'address': 'Lüthistrasse 237\n4441 Kloten', 'mail': 'zmader@yahoo.com', 'birthdate': datetime.date(2000, 10, 16)}",Josip Bucher,lustenbergerdan@example.net,Full Stack Developer,True,True,True,"Hotz, Wehrli and Michel",8248,9007
"{'username': 'forsterleano', 'name': 'Prof. Gianfranco Hess', 'sex': 'M', 'address': 'Schaubstrasse 2\n4169 Nyon', 'mail': 'sporrikarina@yahoo.com', 'birthdate': datetime.date(2008, 3, 21)}",Raffael Fuchs,wolfayla@example.net,Full Stack Developer,True,True,True,Schenk-Stettler,7606,8136
"{'username': 'marlisemettler', 'name': 'Gökhan Weber', 'sex': 'F', 'address': 'Schumacherstrasse 48\n9389 Volketswil', 'mail': 'gkunz@yahoo.com', 'birthdate': datetime.date(1972, 9, 18)}",Ilija Egli,marinafelber@example.com,Post Doctoral Researcher,True,True,True,Eichenberger Inc,2183,4057
"{'username': 'trey', 'name': 'Dr. Lazar Schenk', 'sex': 'F', 'address': 'Amreinstrasse 496\n6186 Romanshorn', 'mail': 'margaret74@hotmail.com', 'birthdate': datetime.date(1938, 12, 8)}",Morgane Hermann Forster,zschumacher@example.org,Systems Analyst,True,False,True,Ernst and Sons,8599,5774
"{'username': 'dritonfavre', 'name': 'Luna Wagner Ziegler', 'sex': 'M', 'address': 'Ackermannstrasse 23\n2037 Sarnen', 'mail': 'wvogt@gmail.com', 'birthdate': datetime.date(2003, 9, 29)}",Andreas Leunberger-Seiler,fred03@example.com,Full Stack Developer,True,True,True,Scheidegger and Sons,8867,4235
"{'username': 'dwyss', 'name': 'Franco Scherrer', 'sex': 'M', 'address': 'Lutzstrasse 82\n8582 Aigle', 'mail': 'lsigrist@hotmail.com', 'birthdate': datetime.date(1917, 4, 24)}",Françoise Ernst,steve89@example.net,Marketing and Communications Expert,True,False,True,Egger-Hodel,4940,5724
"{'username': 'alfredo61', 'name': 'Malin Lüthi', 'sex': 'M', 'address': 'Staubstrasse 924\n2080 Versoix', 'mail': 'luscheryvan@gmail.com', 'birthdate': datetime.date(2009, 1, 6)}",Nada Meister,gegger@example.net,Front End Developer,False,True,True,"Graf, Bühlmann and Wehrli",8981,4779
"{'username': 'maria15', 'name': 'Hasan Widmer', 'sex': 'F', 'address': 'Wyssstrasse 575\n3179 Wil', 'mail': 'kunzcorinne@hotmail.com', 'birthdate': datetime.date(1978, 1, 31)}",Angelika Kohler-Imhof,friederikerey@example.net,Data Scientist,True,True,True,Rey LLC,3610,5449
"{'username': 'snezana01', 'name': 'Malea Tanner-Imhof', 'sex': 'M', 'address': 'Benzstrasse 38\n8228 Bülach', 'mail': 'eileen40@gmail.com', 'birthdate': datetime.date(1982, 10, 9)}",Prof. Sarina Fankhauser,javier00@example.org,Data Scientist,True,True,True,Vogt-Ott,7111,5075
"{'username': 'mullermarcia', 'name': 'Dijana Fischer', 'sex': 'M', 'address': 'Islerstrasse 88\n1422 Bulle', 'mail': 'orhangut@yahoo.com', 'birthdate': datetime.date(2016, 6, 11)}",Lotti Schenk,baumannuwe@example.com,UX/UI Designer,True,True,True,Schär PLC,1816,9410
"{'username': 'xroth', 'name': 'Rino Steinmann', 'sex': 'M', 'address': 'Walterstrasse 48\n7220 Münchenbuchsee', 'mail': 'pschaub@yahoo.com', 'birthdate': datetime.date(1986, 1, 1)}",Andre Leu,roberto77@example.com,Full Stack Developer,True,False,True,Hirt-Ackermann,5655,2666
"{'username': 'eleakuhn', 'name': 'Rexhep Käser', 'sex': 'M', 'address': 'Reystrasse 76\n6899 Einsiedeln', 'mail': 'arnoldjose@hotmail.com', 'birthdate': datetime.date(1963, 10, 28)}",Cyril Gasser,christopher02@example.org,Front End Developer,True,False,False,Leunberger-Schuler,2918,1620
"{'username': 'giorgiowuthrich', 'name': 'Carol Suter', 'sex': 'M', 'address': 'Fehrstrasse 481\n6783 Chur', 'mail': 'haraldegli@hotmail.com', 'birthdate': datetime.date(1983, 10, 26)}",Sandro Erni,ismet86@example.org,Systems Analyst,True,False,True,"Fischer, Grob and Gfeller",9370,7045
"{'username': 'vmayer', 'name': 'Jose Favre', 'sex': 'M', 'address': 'Michelstrasse 51\n4436 Flawil', 'mail': 'gkalin@hotmail.com', 'birthdate': datetime.date(1986, 1, 6)}",Jeanine Leunberger,tillbeck@example.org,Data Scientist,True,True,True,Ziegler-Maurer,9006,7943
"{'username': 'obieri', 'name': 'Joël Küng', 'sex': 'F', 'address': 'Zehnderstrasse 7\n8989 Adliswil', 'mail': 'zwinkler@gmail.com', 'birthdate': datetime.date(1993, 4, 6)}",Joanne Schmidt Kunz,hhofer@example.org,Systems Analyst,False,True,False,Bianchi Inc,3147,1354
"{'username': 'dwinkler', 'name': 'Karl-Heinz Meili-Schmidt', 'sex': 'F', 'address': 'Beckstrasse 63\n5606 Lyss', 'mail': 'malik79@yahoo.com', 'birthdate': datetime.date(2011, 11, 21)}",Ralf Häfliger,svenburri@example.org,Network Administrator,True,True,False,Keller LLC,6964,4145
"{'username': 'gerardo84', 'name': 'Marijana Lüthi Zimmermann', 'sex': 'M', 'address': 'Hotzstrasse 44\n3878 Muri', 'mail': 'marcusstocker@gmail.com', 'birthdate': datetime.date(1911, 11, 30)}",Hilda Jost,sachamaier@example.org,Systems Analyst,True,True,True,"Bättig, Brun and Scherrer",2722,9458
"{'username': 'tannermarthe', 'name': 'Dion Walter', 'sex': 'M', 'address': 'Leunbergerstrasse 418\n4568 Wettingen', 'mail': 'baris89@yahoo.com', 'birthdate': datetime.date(1993, 9, 16)}",Angelica Hasler,yael03@example.com,Post Doctoral Researcher,False,True,True,"Wirz, Bär and Koch",3763,1631
"{'username': 'konrad87', 'name': 'Prof. Déborah Gasser', 'sex': 'M', 'address': 'Zehnderstrasse 16\n2760 Zollikofen', 'mail': 'vanessa77@gmail.com', 'birthdate': datetime.date(1918, 11, 2)}",Laura Portmann,desireefavre@example.com,Data Scientist,True,True,False,Aebi-Lüscher,3611,2645
"{'username': 'alyssaluscher', 'name': 'Dr. Lian Bolliger', 'sex': 'M', 'address': 'Brunnerstrasse 2\n1855 Sarnen', 'mail': 'willimeier@yahoo.com', 'birthdate': datetime.date(1962, 4, 23)}",Morena Isler,elenimader@example.com,Software Engineer,True,True,True,Hasler-Leunberger,5035,7871
"{'username': 'pascale53', 'name': 'Danièle Studer Meier', 'sex': 'F', 'address': 'Felderstrasse 20\n1407 Worb', 'mail': 'rweber@gmail.com', 'birthdate': datetime.date(1991, 5, 27)}",Marino Wegmann,lutzzsolt@example.net,Marketing and Communications Expert,True,True,True,Tobler-Mäder,8839,7482
"{'username': 'lina89', 'name': 'Hendrik Bucher', 'sex': 'F', 'address': 'Kernstrasse 2\n6138 Lancy', 'mail': 'uzurcher@gmail.com', 'birthdate': datetime.date(2016, 3, 17)}",Levi Käser,rouven52@example.net,Front End Developer,True,True,True,"Felder, Bernasconi and Gfeller",3837,1892
"{'username': 'juliuswettstein', 'name': 'Philipp Stutz-Lutz', 'sex': 'M', 'address': 'Roosstrasse 90\n4514 Spreitenbach', 'mail': 'enver21@gmail.com', 'birthdate': datetime.date(1923, 4, 5)}",Prof. Diogo Leunberger,merzmusa@example.net,Post Doctoral Researcher,True,True,True,Moser PLC,9681,8398
"{'username': 'alessandroammann', 'name': 'Huguette Probst Kessler', 'sex': 'F', 'address': 'Steinmannstrasse 75\n1465 Kreuzlingen', 'mail': 'forsterjulia@gmail.com', 'birthdate': datetime.date(2002, 7, 21)}",Mariam Weber,yherzog@example.com,Systems Analyst,True,True,True,Hartmann-Frei,5907,9868
"{'username': 'gloorsharon', 'name': 'Mariette Meyer', 'sex': 'M', 'address': 'Meilistrasse 26\n9298 Hinwil', 'mail': 'betschartjocelyne@yahoo.com', 'birthdate': datetime.date(1969, 10, 10)}",Prof. Sanja Leunberger,jusuf45@example.org,Systems Analyst,True,True,True,Rüegg Inc,2809,7500
"{'username': 'sophia07', 'name': 'Margaritha Sidler', 'sex': 'M', 'address': 'Stadelmannstrasse 58\n5908 Delsberg', 'mail': 'marinettegross@gmail.com', 'birthdate': datetime.date(1999, 12, 5)}",Silja Merz Hodel,estuder@example.com,Systems Analyst,False,True,True,Scherrer LLC,7795,4678
"{'username': 'brunaweber', 'name': 'Hans-Rudolf Rüegg', 'sex': 'F', 'address': 'Baumannstrasse 85\n6041 Freiburg', 'mail': 'staubmargherita@yahoo.com', 'birthdate': datetime.date(1974, 2, 15)}",Dr. Axel Frick,peter74@example.net,IT Consultant,True,False,False,Baumann Inc,7186,7720
"{'username': 'imelda20', 'name': 'Slavko Gross-Felber', 'sex': 'F', 'address': 'Weibelstrasse 10\n3441 Richterswil', 'mail': 'hoffmanndanijela@gmail.com', 'birthdate': datetime.date(2008, 1, 21)}",Iris Steffen Schweizer,tomas91@example.org,Systems Analyst,False,True,False,"Egli, Michel and Hofstetter",4420,6271
"{'username': 'tannerahmed', 'name': 'Cornel Bieri', 'sex': 'M', 'address': 'Roosstrasse 62\n8496 Grenchen', 'mail': 'aldinisler@gmail.com', 'birthdate': datetime.date(2013, 2, 23)}",Raquel Peter Bucher,michalschwab@example.net,UX/UI Designer,True,False,True,Zollinger Group,9109,9589
"{'username': 'skeller', 'name': 'André Ritter', 'sex': 'F', 'address': 'Kaufmannstrasse 917\n7954 Thalwil', 'mail': 'luis66@gmail.com', 'birthdate': datetime.date(2020, 2, 20)}",Magdalena Frei-Hauser,waldercarmine@example.com,Software Engineer,True,True,True,Hug Inc,4993,9758
"{'username': 'elustenberger', 'name': 'Leona Jäggi', 'sex': 'M', 'address': 'Stuckistrasse 89\n6601 Prilly', 'mail': 'vfischer@hotmail.com', 'birthdate': datetime.date(1993, 11, 2)}",Kathleen Brun-Hirt,ernest03@example.net,Network Administrator,True,True,True,Schürch-Wehrli,6202,3068
"{'username': 'jesus54', 'name': 'Margot Moser Staub', 'sex': 'M', 'address': 'Schmidtstrasse 69\n9105 Burgdorf', 'mail': 'staufferalessio@gmail.com', 'birthdate': datetime.date(1984, 4, 11)}",Rui Fuchs,tizianojaggi@example.com,IT Consultant,True,True,True,Näf-Hofstetter,2321,9593
"{'username': 'volker30', 'name': 'Emmanuelle Baur Hürlimann', 'sex': 'F', 'address': 'Haslerstrasse 50\n7466 Birsfelden', 'mail': 'moserdomenic@hotmail.com', 'birthdate': datetime.date(1946, 1, 2)}",Ueli Thommen,owalder@example.org,Full Stack Developer,False,True,True,Käser-Küng,3683,4697
"{'username': 'anabela00', 'name': 'Vincenza Gasser', 'sex': 'F', 'address': 'Hessstrasse 63\n8486 Uzwil', 'mail': 'gilles21@hotmail.com', 'birthdate': datetime.date(1952, 4, 18)}",Alexis Sutter,raphaelahug@example.net,Front End Developer,True,True,True,Scheidegger-Wegmann,7953,6307
"{'username': 'devinsiegrist', 'name': 'Dino Weibel', 'sex': 'M', 'address': 'Bucherstrasse 1\n7190 Sarnen', 'mail': 'rueggsilvano@hotmail.com', 'birthdate': datetime.date(1960, 3, 23)}",Ueli Vogt,brunzoe@example.org,Network Administrator,True,True,False,Stucki LLC,4602,3661
"{'username': 'nicolehmann', 'name': 'Prof. Amar Gross', 'sex': 'F', 'address': 'Walderstrasse 44\n9242 Volketswil', 'mail': 'zinggsenad@gmail.com', 'birthdate': datetime.date(1980, 4, 6)}",German Bosshard,tibor45@example.org,UX/UI Designer,True,True,False,"Brun, Stalder and Lüscher",7900,9921
"{'username': 'giorgioegger', 'name': 'Silvana Staub', 'sex': 'M', 'address': 'Grafstrasse 31\n5489 Maur', 'mail': 'eichenbergerflorent@hotmail.com', 'birthdate': datetime.date(1997, 1, 25)}",Tina Lanz,kuhnmarie-claude@example.net,Full Stack Developer,True,True,False,Vogt PLC,2255,2932
"{'username': 'kevinarnold', 'name': 'Ardita Burri Haas', 'sex': 'M', 'address': 'Flückigerstrasse 9\n8571 Le Grand-Saconnex', 'mail': 'bianchivittorio@gmail.com', 'birthdate': datetime.date(1971, 3, 20)}",Simeon Fehr,sigristeren@example.net,Systems Analyst,True,True,True,Senn-Blum,7882,8000
"{'username': 'reneemeyer', 'name': 'Linus Schaub-Schaub', 'sex': 'M', 'address': 'Steinmannstrasse 33\n4365 Freiburg', 'mail': 'yammann@yahoo.com', 'birthdate': datetime.date(2000, 12, 2)}",Leander Lüthi,rosemarie96@example.net,Marketing and Communications Expert,True,False,True,Bieri LLC,6538,2746
"{'username': 'sergejhofer', 'name': 'Ewa Sidler', 'sex': 'M', 'address': 'Hoferstrasse 9\n2524 Riehen', 'mail': 'hugnils@yahoo.com', 'birthdate': datetime.date(1941, 10, 31)}",Dr. Joyce Blaser,agataleunberger@example.net,Front End Developer,True,True,True,"Knecht, Forster and Schaller",2799,2313
"{'username': 'jonas28', 'name': 'Lukasz Meili', 'sex': 'F', 'address': 'Schürchstrasse 8\n1289 Wädenswil', 'mail': 'mergim36@gmail.com', 'birthdate': datetime.date(1936, 3, 11)}",Vania Hofstetter Stocker,klehmann@example.com,Data Scientist,True,True,False,Schürch Inc,9076,7255
"{'username': 'hansjurgwettstein', 'name': 'Emine Kunz', 'sex': 'M', 'address': 'Wengerstrasse 178\n6766 Ebikon', 'mail': 'hauserayla@gmail.com', 'birthdate': datetime.date(2019, 6, 5)}",Theresa Hartmann Kern,leylascherrer@example.org,Network Administrator,True,True,True,"Meyer, Ackermann and Kaiser",7875,2966
"{'username': 'ammannserkan', 'name': 'Tania Sidler-Scheidegger', 'sex': 'M', 'address': 'Weberstrasse 87\n7804 Wallisellen', 'mail': 'kristina02@gmail.com', 'birthdate': datetime.date(1999, 3, 18)}",Leana Schenk,desireeegger@example.net,Systems Analyst,True,True,True,"Schweizer, Seiler and Michel",3998,6658
"{'username': 'alen43', 'name': 'Felicitas Blum', 'sex': 'F', 'address': 'Felderstrasse 99\n7694 Münchenbuchsee', 'mail': 'deliascheidegger@yahoo.com', 'birthdate': datetime.date(1992, 6, 27)}",Ronny Thommen,emilyzehnder@example.net,Software Engineer,True,True,True,Favre LLC,1515,6861
"{'username': 'qluthi', 'name': 'Leonhard Steiner', 'sex': 'M', 'address': 'Kunzstrasse 96\n1646 Morges', 'mail': 'ysteffen@gmail.com', 'birthdate': datetime.date(1969, 9, 14)}",Gil Brun,alberto69@example.net,Network Administrator,True,True,True,Braun-Arnold,4938,2656
"{'username': 'bieriarbnor', 'name': 'Jaron Kälin', 'sex': 'M', 'address': 'Kaufmannstrasse 5\n5585 Martigny', 'mail': 'celia34@gmail.com', 'birthdate': datetime.date(1996, 3, 6)}",Leonard Kaufmann,thommenmika@example.org,Systems Analyst,True,True,True,Weber-Maurer,8357,5818
"{'username': 'ferrariwilhelm', 'name': 'Jetmir Eugster', 'sex': 'F', 'address': 'Schulerstrasse 36\n3974 Münsingen', 'mail': 'nafjose@hotmail.com', 'birthdate': datetime.date(1929, 10, 7)}",Dr. Oscar Stauffer,baurpaola@example.org,Full Stack Developer,True,True,True,"Martin, Bühler and Bühlmann",4067,7523
"{'username': 'gabrielewirz', 'name': 'Eugenio Fankhauser', 'sex': 'M', 'address': 'Maurerstrasse 38\n4606 Köniz', 'mail': 'filippo18@yahoo.com', 'birthdate': datetime.date(1999, 4, 17)}",Prof. Thorsten Stutz,hartmannalbina@example.com,Network Administrator,True,False,True,Portmann-Wüthrich,9526,1519
"{'username': 'adelineweibel', 'name': 'Urban Maier', 'sex': 'F', 'address': 'Bianchistrasse 79\n4009 Köniz', 'mail': 'alexandreerni@hotmail.com', 'birthdate': datetime.date(1961, 11, 17)}",Melanie Sigrist,martiflurina@example.com,Network Administrator,True,True,False,Blum LLC,3365,9630
"{'username': 'xtobler', 'name': 'Nazmi Stadelmann', 'sex': 'F', 'address': 'Hessstrasse 64\n2638 Aesch', 'mail': 'clarissaschmidt@hotmail.com', 'birthdate': datetime.date(1950, 7, 17)}",Lydia Frei,ackermannbesarta@example.net,Software Engineer,False,True,False,"Fuchs, Stucki and Albrecht",2272,2547
"{'username': 'visarbernasconi', 'name': 'Elsa Spörri', 'sex': 'M', 'address': 'Kaufmannstrasse 527\n9981 Schaffhausen', 'mail': 'ckessler@hotmail.com', 'birthdate': datetime.date(2000, 10, 24)}",Robin Schmidt,wendyeugster@example.net,IT Consultant,True,True,False,Steiger Inc,1388,4654
"{'username': 'inesamrein', 'name': 'Marthe Huber-Stucki', 'sex': 'F', 'address': 'Meyerstrasse 16\n2590 Baar', 'mail': 'probstniko@gmail.com', 'birthdate': datetime.date(2002, 9, 14)}",Marcella Vogt,tfluckiger@example.org,Full Stack Developer,True,True,True,Schmidt-Ernst,3009,3401
"{'username': 'stutzivano', 'name': 'Noe Eugster', 'sex': 'M', 'address': 'Kellerstrasse 62\n6001 Martigny', 'mail': 'olivierblaser@gmail.com', 'birthdate': datetime.date(1979, 12, 21)}",Cornel Tobler,jutta22@example.org,Marketing and Communications Expert,False,False,True,Iten Inc,3141,5950
"{'username': 'svennaf', 'name': 'Sacha Meili', 'sex': 'M', 'address': 'Furrerstrasse 4\n9098 Nyon', 'mail': 'rothmarlis@gmail.com', 'birthdate': datetime.date(1911, 9, 20)}",Emilia Lüscher,theresaschenk@example.org,Data Scientist,False,True,True,Moser Group,2731,2453
"{'username': 'aurelio98', 'name': 'Miodrag Hug', 'sex': 'M', 'address': 'Huberstrasse 42\n8439 Oftringen', 'mail': 'luke91@gmail.com', 'birthdate': datetime.date(2002, 7, 4)}",Samir Stocker,ernitimothy@example.net,Front End Developer,True,True,True,"Brunner, Blaser and Schürch",5145,9483
"{'username': 'jil96', 'name': 'Marco Wegmann', 'sex': 'M', 'address': 'Vogelstrasse 5\n1240 Val-de-Ruz', 'mail': 'schlatterantonella@hotmail.com', 'birthdate': datetime.date(2008, 5, 17)}",Dennis Wegmann,gianlang@example.org,Post Doctoral Researcher,True,True,False,Bucher Ltd,1002,5531
"{'username': 'mirlinda43', 'name': 'Lavinia Steiner-Hauser', 'sex': 'M', 'address': 'Vogelstrasse 61\n6067 Birsfelden', 'mail': 'besartmeier@gmail.com', 'birthdate': datetime.date(1972, 11, 12)}",Linus Giger,maude93@example.org,Front End Developer,True,True,True,Baumann PLC,1655,6728
"{'username': 'staufferirena', 'name': 'Vilma Scherrer Vogt', 'sex': 'M', 'address': 'Vogelstrasse 26\n2883 Muttenz', 'mail': 'sarahfehr@hotmail.com', 'birthdate': datetime.date(1920, 1, 12)}",Lirim Steiner,phermann@example.org,IT Consultant,True,True,True,Betschart and Sons,2664,6120
"{'username': 'awolf', 'name': 'Alexandre Flückiger', 'sex': 'M', 'address': 'Flückigerstrasse 63\n9259 Delsberg', 'mail': 'beatricescherrer@hotmail.com', 'birthdate': datetime.date(1951, 3, 28)}",Prof. Mathilda Jäggi,teuta34@example.net,Post Doctoral Researcher,False,True,False,Jäggi-Schnyder,8304,3054
"{'username': 'eliane09', 'name': 'Mehmet Mäder', 'sex': 'F', 'address': 'Bolligerstrasse 87\n9546 Küssnacht', 'mail': 'aishaegli@gmail.com', 'birthdate': datetime.date(1978, 3, 4)}",Vinzenz Wirz,nhauser@example.net,Front End Developer,True,True,True,Tobler-Wirz,5364,1395
"{'username': 'zmeister', 'name': 'Joëlle Wenger Egli', 'sex': 'M', 'address': 'Steinerstrasse 34\n7401 Richterswil', 'mail': 'hafnerpasquale@gmail.com', 'birthdate': datetime.date(1989, 1, 31)}",Afrim Stalder-Küng,yasin60@example.org,Post Doctoral Researcher,True,True,True,Hafner Group,4027,8958
"{'username': 'studerhubert', 'name': 'Alma Meyer', 'sex': 'F', 'address': 'Friedlistrasse 95\n7733 Siders', 'mail': 'alina22@gmail.com', 'birthdate': datetime.date(1952, 7, 3)}",Ajan Hess-Egger,anneliese07@example.org,Systems Analyst,True,False,True,"Frey, Ammann and Kälin",6866,4864
"{'username': 'josefa10', 'name': 'Angelica Lanz Schenk', 'sex': 'F', 'address': 'Hessstrasse 52\n8819 Pratteln', 'mail': 'balzstaub@hotmail.com', 'birthdate': datetime.date(1947, 8, 31)}",Balthasar Furrer-Benz,echristen@example.com,Systems Analyst,False,True,False,"Winkler, Probst and Siegrist",1652,3724
"{'username': 'loicwirth', 'name': 'Mathieu Steffen', 'sex': 'M', 'address': 'Gloorstrasse 454\n8939 Genf', 'mail': 'rimhof@yahoo.com', 'birthdate': datetime.date(2003, 5, 17)}",Samantha Schneider Lüthi,pwolf@example.com,Marketing and Communications Expert,False,True,True,"Sigrist, Häfliger and Rüegg",5802,2851
"{'username': 'cindy43', 'name': 'Ivana Gross', 'sex': 'F', 'address': 'Joststrasse 130\n8452 Rapperswil-Jona', 'mail': 'niklaus40@gmail.com', 'birthdate': datetime.date(1967, 9, 10)}",Inge Wehrli,katerinaaebi@example.org,Full Stack Developer,True,True,False,Portmann Group,3682,2796
"{'username': 'vinzenzleu', 'name': 'Alexis Ackermann', 'sex': 'M', 'address': 'Hoferstrasse 37\n6352 Wald', 'mail': 'sforster@gmail.com', 'birthdate': datetime.date(1908, 11, 3)}",Kenan Häfliger,freymarcella@example.com,Front End Developer,True,True,False,Hürlimann-Wenger,7799,7345
"{'username': 'laszlosteiger', 'name': 'Morena Frei', 'sex': 'F', 'address': 'Flückigerstrasse 20\n8356 Locarno', 'mail': 'zollingerlana@hotmail.com', 'birthdate': datetime.date(1912, 6, 23)}",Svenja Baumgartner,paulhafliger@example.org,Full Stack Developer,True,False,True,Hofmann-Hermann,9107,3180
"{'username': 'wgasser', 'name': 'Bruno Bär-Frick', 'sex': 'M', 'address': 'Scherrerstrasse 996\n8687 Gossau', 'mail': 'joyruegg@hotmail.com', 'birthdate': datetime.date(1967, 2, 22)}",Emanuele Stocker,yisler@example.org,Data Scientist,True,False,False,"Flückiger, Brun and Schärer",9291,8757
"{'username': 'psteinmann', 'name': 'Dr. Nevin Lutz', 'sex': 'M', 'address': 'Hafnerstrasse 214\n7954 Pfäffikon', 'mail': 'marina45@gmail.com', 'birthdate': datetime.date(1922, 2, 26)}",Nathanael Lüthi,bammann@example.org,Front End Developer,True,True,True,Schneider-Weibel,9083,7351
"{'username': 'nemanjamerz', 'name': 'Salomé Wirz', 'sex': 'M', 'address': 'Brunstrasse 20\n3872 Cham', 'mail': 'sschmid@hotmail.com', 'birthdate': datetime.date(1969, 12, 2)}",Natalie Lanz,ernstrainer@example.com,IT Consultant,True,True,True,Steinmann and Sons,5650,1394
"{'username': 'gprobst', 'name': 'Colin Hofmann', 'sex': 'M', 'address': 'Hugstrasse 27\n1035 Binningen', 'mail': 'jlanz@hotmail.com', 'birthdate': datetime.date(1917, 9, 9)}",Vjollca Sigrist Maurer,janikweber@example.com,Post Doctoral Researcher,True,True,True,Bader-Bauer,7178,5295
"{'username': 'malinbosshard', 'name': 'Sebastian Bernasconi', 'sex': 'F', 'address': 'Schochstrasse 128\n5510 Kloten', 'mail': 'nevin81@hotmail.com', 'birthdate': datetime.date(2023, 2, 7)}",Antje Geiger,hessmarjan@example.org,IT Consultant,True,True,True,Roos-Häfliger,8770,3807
"{'username': 'muratwalter', 'name': 'Chris Blum-Hasler', 'sex': 'F', 'address': 'Schärstrasse 465\n3032 Belp', 'mail': 'dgut@hotmail.com', 'birthdate': datetime.date(1974, 4, 29)}",Riccardo Iten-Amrein,susi51@example.org,Data Scientist,True,True,True,"Huber, Schärer and Winkler",7134,4910
"{'username': 'ledionhafliger', 'name': 'Lulzim Zimmermann-Felder', 'sex': 'F', 'address': 'Hofstetterstrasse 6\n6047 Glarus', 'mail': 'renzo77@hotmail.com', 'birthdate': datetime.date(1997, 2, 13)}",Mireille Ernst,bergersaskia@example.net,Data Scientist,True,True,False,Sidler PLC,1036,7831
"{'username': 'aylahofmann', 'name': 'Cyril Stadelmann-Braun', 'sex': 'F', 'address': 'Steinmannstrasse 48\n9781 Vevey', 'mail': 'schnyderemir@yahoo.com', 'birthdate': datetime.date(1980, 8, 23)}",Aleksandra Wolf,zbraun@example.com,Data Scientist,True,True,True,"Mayer, Bolliger and Schwab",2524,3071
"{'username': 'nathanael82', 'name': 'Thi Zollinger', 'sex': 'M', 'address': 'Thommenstrasse 34\n4638 Wettingen', 'mail': 'ariane84@yahoo.com', 'birthdate': datetime.date(1968, 7, 11)}",Niko Hoffmann,eggersimone@example.org,UX/UI Designer,True,True,False,Giger LLC,9637,1176
"{'username': 'weibeljasmine', 'name': 'Cordula Schoch Bader', 'sex': 'F', 'address': 'Benzstrasse 41\n2565 Pratteln', 'mail': 'teutascharer@yahoo.com', 'birthdate': datetime.date(1985, 7, 28)}",Asia Beck,elke94@example.com,Post Doctoral Researcher,True,False,False,"Staub, Bolliger and Wirth",6155,4372
"{'username': 'daniela49', 'name': 'Blerina Sutter', 'sex': 'M', 'address': 'Siegriststrasse 45\n2558 Val-de-Travers', 'mail': 'kernmike@hotmail.com', 'birthdate': datetime.date(1937, 9, 28)}",Carmen Kälin,lenawolf@example.net,Network Administrator,True,False,False,Christen-Eugster,1265,4406
"{'username': 'elias22', 'name': 'Sonja Jäggi', 'sex': 'F', 'address': 'Thommenstrasse 77\n2068 Ebikon', 'mail': 'hschweizer@gmail.com', 'birthdate': datetime.date(1947, 10, 16)}",Nelio Schuler,zzurcher@example.net,Network Administrator,True,True,True,Hürlimann-Furrer,2739,7983
"{'username': 'yannisprobst', 'name': 'Prof. Sarina Lüthi', 'sex': 'M', 'address': 'Kaufmannstrasse 95\n1692 Renens', 'mail': 'ehess@yahoo.com', 'birthdate': datetime.date(2007, 5, 13)}",Emil Ritter,urbanamrein@example.org,Network Administrator,False,True,False,Scherrer-Spörri,2290,4388
"{'username': 'ujenni', 'name': 'Prof. Adrian Steffen', 'sex': 'F', 'address': 'Bieristrasse 78\n7100 Onex', 'mail': 'almajaggi@hotmail.com', 'birthdate': datetime.date(1960, 5, 18)}",Dr. Nicoletta Christen,hurlimanndonato@example.com,Software Engineer,True,True,True,"Hofmann, Isler and Albrecht",3973,7454
"{'username': 'schallerdanilo', 'name': 'José Thommen-Wettstein', 'sex': 'M', 'address': 'Joststrasse 77\n5042 Risch', 'mail': 'jannis65@yahoo.com', 'birthdate': datetime.date(2022, 10, 23)}",Elsa Stöckli,kschwab@example.org,Software Engineer,False,True,True,Erni LLC,1666,6461
"{'username': 'schristen', 'name': 'Nikolina Zollinger', 'sex': 'F', 'address': 'Langstrasse 649\n5891 Zollikofen', 'mail': 'sofiaammann@hotmail.com', 'birthdate': datetime.date(1957, 10, 9)}",Ava Kohler,geigernoelia@example.com,Systems Analyst,True,False,False,"Schaller, Hofer and Lang",5519,4069
"{'username': 'staufferluigia', 'name': 'Carsten Widmer', 'sex': 'F', 'address': 'Ferraristrasse 86\n5099 Chêne-Bougeries', 'mail': 'scheideggermyrta@gmail.com', 'birthdate': datetime.date(1995, 1, 4)}",Hansjürg Steiger,schneiderandrzej@example.net,Front End Developer,True,True,False,Vogel-Vogt,8088,3371
"{'username': 'rmaier', 'name': 'Ariane Schürch-Bachmann', 'sex': 'M', 'address': 'Gutstrasse 21\n4944 Thônex', 'mail': 'yfavre@gmail.com', 'birthdate': datetime.date(1929, 8, 22)}",Massimiliano Moser,wendy46@example.net,Post Doctoral Researcher,True,True,False,Knecht-Hotz,6904,7194
"{'username': 'bluettezbinden', 'name': 'Nina Tanner', 'sex': 'M', 'address': 'Stalderstrasse 51\n6769 Rüti', 'mail': 'mariusz57@gmail.com', 'birthdate': datetime.date(1916, 2, 3)}",Visar Bühlmann-Blaser,maxleunberger@example.com,Software Engineer,True,True,True,Baumann LLC,2264,8530
"{'username': 'anjaaebi', 'name': 'Waldemar Meister', 'sex': 'F', 'address': 'Rothstrasse 78\n5637 Thun', 'mail': 'henrik12@yahoo.com', 'birthdate': datetime.date(2010, 6, 11)}",Prof. Christopher Kaufmann,wsutter@example.org,Network Administrator,True,True,True,Felder-Aebi,1496,6486
"{'username': 'anne-laureschaub', 'name': 'Dr. Idriz Kohler', 'sex': 'F', 'address': 'Käserstrasse 50\n1710 Weinfelden', 'mail': 'seilerviolette@gmail.com', 'birthdate': datetime.date(1931, 5, 30)}",Agron Stettler,juliekuhn@example.com,Data Scientist,True,True,False,Wyss-Christen,8488,5164
"{'username': 'schaubdomingos', 'name': 'Prof. Madeleine Fehr', 'sex': 'F', 'address': 'Weberstrasse 23\n4953 Horgen', 'mail': 'vivianestutz@yahoo.com', 'birthdate': datetime.date(1980, 4, 3)}",Maurizio Hirt,christianebuhler@example.org,Marketing and Communications Expert,True,True,True,Hunziker PLC,3913,4635
"{'username': 'jurggerber', 'name': 'Dr. Rinor Hofmann', 'sex': 'F', 'address': 'Merzstrasse 93\n6166 Bülach', 'mail': 'claire-lisetanner@hotmail.com', 'birthdate': datetime.date(1955, 5, 29)}",Alwin Sutter,abauer@example.net,Systems Analyst,False,True,True,"Wirth, Burri and Weber",6187,3193
"{'username': 'dalia04', 'name': 'Alessia Hug', 'sex': 'F', 'address': 'Hofmannstrasse 3\n7887 Binningen', 'mail': 'aleawehrli@gmail.com', 'birthdate': datetime.date(1946, 8, 31)}",Laure Kägi,eherzog@example.net,Data Scientist,False,True,True,Schaub Group,9475,8315
"{'username': 'yasin83', 'name': 'Anabela Roos', 'sex': 'F', 'address': 'Wagnerstrasse 1\n3475 Arbon', 'mail': 'christel46@hotmail.com', 'birthdate': datetime.date(1947, 5, 30)}",Alain Giger,rjaggi@example.com,Data Scientist,True,True,False,"Egger, Fuchs and Zingg",1532,2798
"{'username': 'lanzandrin', 'name': 'Judith Stalder-Hirt', 'sex': 'F', 'address': 'Hürlimannstrasse 2\n3075 Illnau-Effretikon', 'mail': 'edgar68@hotmail.com', 'birthdate': datetime.date(1915, 3, 16)}",Carmela Stauffer,afavre@example.org,Full Stack Developer,True,True,True,Baumann PLC,3287,9251
"{'username': 'xwidmer', 'name': 'Alejandro Gasser', 'sex': 'F', 'address': 'Lüthistrasse 6\n4556 Nyon', 'mail': 'mirjamlustenberger@hotmail.com', 'birthdate': datetime.date(2006, 3, 14)}",Margaret Brun Hotz,bolligercordula@example.net,Post Doctoral Researcher,True,True,False,"Gerber, Hürlimann and Fehr",6753,4171
"{'username': 'feliceschweizer', 'name': 'Leano Fuchs', 'sex': 'F', 'address': 'Probststrasse 33\n3258 Gossau', 'mail': 'nhafliger@gmail.com', 'birthdate': datetime.date(1969, 6, 16)}",Arta Jost,sziegler@example.net,Network Administrator,True,True,True,Benz Group,6172,9915
"{'username': 'kasernaomi', 'name': 'Ayla Hotz', 'sex': 'M', 'address': 'Schürchstrasse 1\n3951 Weinfelden', 'mail': 'leo20@gmail.com', 'birthdate': datetime.date(1979, 12, 3)}",Wilma Brun,alissa30@example.com,UX/UI Designer,True,True,True,Wenger Inc,7762,5707
"{'username': 'sophie25', 'name': 'Kathleen Studer Imhof', 'sex': 'F', 'address': 'Gutstrasse 5\n1046 Morges', 'mail': 'kbaur@gmail.com', 'birthdate': datetime.date(1951, 10, 30)}",Jakob Maier,schneiderlucie@example.net,Marketing and Communications Expert,True,True,True,"Geiger, Sigrist and Imhof",5521,1154
"{'username': 'shess', 'name': 'Mathilda Bühler Felder', 'sex': 'F', 'address': 'Fuchsstrasse 3\n9583 Thalwil', 'mail': 'dusanschenk@hotmail.com', 'birthdate': datetime.date(1930, 3, 3)}",Romana Ackermann Grob,braunsonia@example.com,Full Stack Developer,True,True,True,"Steinmann, Michel and Bachmann",1995,7402
"{'username': 'fbauer', 'name': 'Carlo Ernst-Fehr', 'sex': 'F', 'address': 'Langstrasse 49\n9802 Steffisburg', 'mail': 'cschaller@hotmail.com', 'birthdate': datetime.date(1922, 3, 7)}",Prof. Theresa Graf,ibar@example.net,Systems Analyst,False,True,True,"Beck, Hug and Fehr",9821,2546
"{'username': 'giuseppina85', 'name': 'Roy Hofmann', 'sex': 'F', 'address': 'Ernistrasse 9\n7161 Le Grand-Saconnex', 'mail': 'marafrick@gmail.com', 'birthdate': datetime.date(1993, 6, 21)}",Marie-José Bieri-Herzog,scherrerlino@example.org,Full Stack Developer,True,True,True,Beck-Hafner,4707,8830
"{'username': 'dott', 'name': 'Leslie Schneider', 'sex': 'M', 'address': 'Stalderstrasse 973\n6814 Glarus', 'mail': 'gkalin@yahoo.com', 'birthdate': datetime.date(1996, 6, 1)}",Noe Wüthrich,roccofluckiger@example.com,IT Consultant,True,False,True,"Wagner, Kessler and Wehrli",4299,7881
"{'username': 'kernannika', 'name': 'Dragana Gasser', 'sex': 'M', 'address': 'Zbindenstrasse 329\n7638 Spiez', 'mail': 'petermettler@hotmail.com', 'birthdate': datetime.date(1993, 6, 26)}",Dr. Kastriot Ritter,metin28@example.com,Front End Developer,True,True,True,"Gerber, Baumann and Gerber",2894,9781
"{'username': 'ewa10', 'name': 'Nadia Herzog', 'sex': 'M', 'address': 'Joststrasse 14\n5178 Gland', 'mail': 'marcowettstein@gmail.com', 'birthdate': datetime.date(2000, 1, 22)}",Constantin Wegmann-Frey,joachimknecht@example.org,Front End Developer,True,True,False,Schwarz-Gerber,8848,4245
"{'username': 'patrick60', 'name': 'Julio Michel', 'sex': 'M', 'address': 'Wegmannstrasse 573\n4585 La Chaux-de-Fonds', 'mail': 'uschaub@gmail.com', 'birthdate': datetime.date(1966, 4, 18)}",Driton Hauser,romanlehmann@example.com,Post Doctoral Researcher,True,True,True,Müller and Sons,8619,4560
"{'username': 'efuchs', 'name': 'Milos Studer', 'sex': 'M', 'address': 'Hartmannstrasse 6\n5225 Pully', 'mail': 'antoineschaub@yahoo.com', 'birthdate': datetime.date(1908, 10, 8)}",Rebekka Häfliger Amrein,rott@example.net,Network Administrator,True,True,True,Ritter-Bachmann,6172,2773
"{'username': 'lutzlorenz', 'name': 'Enrique Stocker', 'sex': 'F', 'address': 'Hafnerstrasse 29\n3397 Zollikofen', 'mail': 'piusblaser@gmail.com', 'birthdate': datetime.date(1910, 1, 29)}",Susana Schumacher Bernasconi,hknecht@example.com,IT Consultant,False,True,True,Bühlmann-Hoffmann,1115,2147
"{'username': 'neliogiger', 'name': 'Raffael Arnold', 'sex': 'M', 'address': 'Kägistrasse 16\n7522 Genf', 'mail': 'htobler@hotmail.com', 'birthdate': datetime.date(1945, 1, 8)}",Stephanie Amrein,baumgartnerdalibor@example.com,Full Stack Developer,True,True,True,Kohler-Wehrli,9376,2780
"{'username': 'seilermia', 'name': 'Sara Schäfer-Meier', 'sex': 'F', 'address': 'Stalderstrasse 23\n8403 Plan-les-Ouates', 'mail': 'schareranton@hotmail.com', 'birthdate': datetime.date(1969, 6, 12)}",Leandra Schärer Steinmann,zfluckiger@example.com,Software Engineer,True,False,False,Siegrist-Studer,2832,4172
"{'username': 'wengerines', 'name': 'Christa Studer', 'sex': 'M', 'address': 'Fehrstrasse 14\n7071 Dübendorf', 'mail': 'xavier28@gmail.com', 'birthdate': datetime.date(1969, 11, 3)}",Rachel Gross Fehr,cprobst@example.net,Marketing and Communications Expert,True,True,True,Steinmann LLC,4412,6673
"{'username': 'wprobst', 'name': 'Cyril Meister', 'sex': 'M', 'address': 'Schärerstrasse 6\n1682 Versoix', 'mail': 'shaban16@gmail.com', 'birthdate': datetime.date(1929, 2, 3)}",Ivano Lehmann,bachmanncarolin@example.com,Systems Analyst,True,True,False,Näf-Hürlimann,5402,5388
"{'username': 'marjoriealbrecht', 'name': 'Margarete Friedli', 'sex': 'M', 'address': 'Hofmannstrasse 79\n3874 Villars-sur-Glâne', 'mail': 'dan73@yahoo.com', 'birthdate': datetime.date(2003, 5, 30)}",Prof. Jürgen Eichenberger,emine73@example.net,Data Scientist,True,True,True,"Spörri, Stettler and Fuchs",1925,9098
"{'username': 'antoinettezollinger', 'name': 'Annamaria Steinmann Scherrer', 'sex': 'F', 'address': 'Steinerstrasse 305\n6173 Burgdorf', 'mail': 'isabelleziegler@hotmail.com', 'birthdate': datetime.date(1937, 2, 1)}",Aida Thommen,julianschweizer@example.org,IT Consultant,False,False,False,Arnold Inc,5845,6278
"{'username': 'adolfkern', 'name': 'Visar Brunner', 'sex': 'F', 'address': 'Wehrlistrasse 8\n4858 Wil', 'mail': 'kaufmannjanos@hotmail.com', 'birthdate': datetime.date(1961, 3, 19)}",Aldo Meili,slanz@example.com,Data Scientist,False,True,True,Stalder-Bader,1470,1654
"{'username': 'wirthmoira', 'name': 'Gerhard Gerber', 'sex': 'M', 'address': 'Steinmannstrasse 60\n8162 Biel/Bienne', 'mail': 'jschnyder@gmail.com', 'birthdate': datetime.date(1929, 6, 10)}",Linus Hunziker,dackermann@example.net,Network Administrator,True,True,True,"Gasser, Fehr and Stocker",4250,3757
"{'username': 'jonathan64', 'name': 'Mohamed Hürlimann', 'sex': 'F', 'address': 'Kälinstrasse 6\n4850 Freiburg', 'mail': 'schulerdeniz@hotmail.com', 'birthdate': datetime.date(1978, 3, 3)}",Dr. Vito Hirt,fkeller@example.org,Data Scientist,True,True,True,Stucki-Gross,7602,3420
"{'username': 'stephenfrey', 'name': 'Alena Winkler', 'sex': 'F', 'address': 'Pfisterstrasse 32\n4841 Val-de-Travers', 'mail': 'phoffmann@yahoo.com', 'birthdate': datetime.date(1962, 12, 6)}",Luigi Scheidegger,hafnerleticia@example.com,Post Doctoral Researcher,True,True,True,Schaub-Aebi,8787,3758
"{'username': 'janos46', 'name': 'Thorsten Stöckli-Hafner', 'sex': 'M', 'address': 'Beckstrasse 7\n6695 Regensdorf', 'mail': 'sstaub@hotmail.com', 'birthdate': datetime.date(1947, 11, 5)}",Loïc Rüegg,kuhnannick@example.net,Front End Developer,True,True,True,"Imhof, Meili and Stauffer",9809,9225
"{'username': 'umarti', 'name': 'Dr. Franz Meyer', 'sex': 'M', 'address': 'Schärstrasse 7\n3902 Davos', 'mail': 'lsenn@hotmail.com', 'birthdate': datetime.date(1930, 12, 28)}",Dr. Niklas Müller,zbachmann@example.org,Marketing and Communications Expert,True,True,False,Wyss Group,1969,6787
"{'username': 'besimschurch', 'name': 'Fabiola Bosshard Hess', 'sex': 'F', 'address': 'Reystrasse 76\n4291 Gossau', 'mail': 'betschartfrieda@hotmail.com', 'birthdate': datetime.date(1967, 3, 9)}",Agron Wirth,ellenhunziker@example.net,Full Stack Developer,True,False,True,"Kohler, Schuler and Hafner",5330,6871
"{'username': 'luthilaurent', 'name': 'Shqipe Maurer', 'sex': 'M', 'address': 'Lustenbergerstrasse 446\n2841 Brig-Glis', 'mail': 'badernelson@yahoo.com', 'birthdate': datetime.date(1978, 4, 2)}",Sonia Bühlmann-Studer,frankiten@example.org,Post Doctoral Researcher,True,True,True,Betschart Group,1135,5069
"{'username': 'fred28', 'name': 'Niclas Gfeller', 'sex': 'F', 'address': 'Kälinstrasse 789\n1204 Neuenburg', 'mail': 'schulergenevieve@gmail.com', 'birthdate': datetime.date(1997, 11, 2)}",Dr. Sigrid Frei,zsolt28@example.net,UX/UI Designer,True,True,True,Schnyder Ltd,8585,8962
"{'username': 'gferrari', 'name': 'Alfred Gut-Schwab', 'sex': 'M', 'address': 'Wirzstrasse 50\n3459 Arth', 'mail': 'gstadelmann@hotmail.com', 'birthdate': datetime.date(2014, 6, 13)}",Bertha Winkler,nkern@example.org,IT Consultant,True,True,True,"Roth, Wehrli and Winkler",6599,7337
"{'username': 'tatiana09', 'name': 'Jeremias Knecht', 'sex': 'F', 'address': 'Rothstrasse 28\n9243 Freienbach', 'mail': 'henrik65@gmail.com', 'birthdate': datetime.date(1932, 6, 15)}",Loïc Leunberger,gasserantje@example.com,Software Engineer,True,True,True,"Haas, Schnyder and Schaller",9187,4265
"{'username': 'carolin02', 'name': 'João Stauffer', 'sex': 'F', 'address': 'Hermannstrasse 3\n9321 Adliswil', 'mail': 'arlinda63@hotmail.com', 'birthdate': datetime.date(2016, 10, 28)}",Domenico Martin,alan78@example.org,Marketing and Communications Expert,True,True,True,Bosshard-Jost,4231,7313
"{'username': 'joycewenger', 'name': 'Jasmine Flückiger', 'sex': 'M', 'address': 'Zieglerstrasse 92\n6029 La Tour-de-Peilz', 'mail': 'wysssven@hotmail.com', 'birthdate': datetime.date(1980, 11, 25)}",Adriana Marti-Isler,zjaggi@example.net,UX/UI Designer,False,True,False,"Lutz, Kaiser and Hasler",6753,7588
"{'username': 'aebitimothy', 'name': 'Ines Hoffmann Seiler', 'sex': 'F', 'address': 'Blaserstrasse 8\n7853 Kloten', 'mail': 'hugmike@hotmail.com', 'birthdate': datetime.date(1949, 8, 18)}",Lucie Haas-Frick,lena03@example.org,Post Doctoral Researcher,True,True,True,Thommen Ltd,9705,8093
"{'username': 'ahotz', 'name': 'Marie-Claude Studer', 'sex': 'M', 'address': 'Bolligerstrasse 6\n9058 Val-de-Ruz', 'mail': 'wirzchrista@gmail.com', 'birthdate': datetime.date(1971, 6, 27)}",Bernard Bachmann-Wegmann,mkunz@example.com,Software Engineer,True,True,True,"Fehr, Ziegler and Steiger",7326,4114
"{'username': 'vincentbucher', 'name': 'Käthe Eichenberger', 'sex': 'F', 'address': 'Ernststrasse 75\n9702 Glarus', 'mail': 'osman03@yahoo.com', 'birthdate': datetime.date(2019, 4, 30)}",Theresia Seiler,ibieri@example.org,IT Consultant,True,True,False,Stöckli-Probst,1068,2826
"{'username': 'ubattig', 'name': 'Sophie Schwab', 'sex': 'M', 'address': 'Sidlerstrasse 38\n9313 Glarus', 'mail': 'yluscher@hotmail.com', 'birthdate': datetime.date(2011, 8, 2)}",Birgit Lüscher,eggervincenza@example.net,Systems Analyst,True,True,True,Hug Group,6987,5175
"{'username': 'zberger', 'name': 'Bettina Siegrist', 'sex': 'M', 'address': 'Kaiserstrasse 301\n8344 Oftringen', 'mail': 'phofstetter@hotmail.com', 'birthdate': datetime.date(1924, 11, 29)}",Carina Käser,patriziahuber@example.org,Post Doctoral Researcher,True,True,True,Egli-Lanz,7143,3294
"{'username': 'matsschwarz', 'name': 'Rosetta Fehr-Tanner', 'sex': 'F', 'address': 'Portmannstrasse 1\n3480 Yverdon-les-Bains', 'mail': 'mathis65@gmail.com', 'birthdate': datetime.date(2004, 11, 24)}",Nathalie Mäder,dvogel@example.net,Network Administrator,False,True,True,Gloor Ltd,7713,4936
"{'username': 'schaferlindita', 'name': 'Sanja Keller', 'sex': 'M', 'address': 'Albrechtstrasse 94\n8262 Gland', 'mail': 'probsthans@gmail.com', 'birthdate': datetime.date(1928, 8, 27)}",Felix Beck,mbolliger@example.org,Network Administrator,True,True,True,"Fuchs, Küng and Blum",6834,6229
"{'username': 'edith63', 'name': 'Davide Forster', 'sex': 'M', 'address': 'Fischerstrasse 11\n9675 Suhr', 'mail': 'marie-louisehotz@yahoo.com', 'birthdate': datetime.date(1911, 5, 6)}",Raul Seiler,gegger@example.net,Systems Analyst,False,True,True,Schuler-Stettler,2627,2442
"{'username': 'giorgiogfeller', 'name': 'Arlette Sidler Herzog', 'sex': 'M', 'address': 'Gloorstrasse 31\n3658 Meilen', 'mail': 'ehurlimann@yahoo.com', 'birthdate': datetime.date(1933, 5, 30)}",Roland Wyss-Michel,ivanabuhler@example.net,Marketing and Communications Expert,True,True,True,Ott Group,3213,2437
"{'username': 'fankhauserkujtim', 'name': 'Dr. Renate Hauser', 'sex': 'F', 'address': 'Stockerstrasse 66\n1446 Thônex', 'mail': 'emiliasteffen@gmail.com', 'birthdate': datetime.date(1919, 12, 9)}",Coralie Küng Martin,henryzbinden@example.net,Network Administrator,True,True,True,Frey-Benz,7187,6696
"{'username': 'eglicsaba', 'name': 'Guido Zimmermann', 'sex': 'F', 'address': 'Blumstrasse 88\n2237 Suhr', 'mail': 'giancarlo44@yahoo.com', 'birthdate': datetime.date(1926, 11, 30)}",Leopold Hug,celia03@example.com,Marketing and Communications Expert,False,True,True,Steiger Group,5196,7698
"{'username': 'besnik15', 'name': 'Hulda Kessler', 'sex': 'F', 'address': 'Fischerstrasse 14\n3370 Worb', 'mail': 'ibucher@hotmail.com', 'birthdate': datetime.date(1983, 9, 26)}",Fabia Senn Bauer,hofermarielle@example.com,Software Engineer,True,True,False,Wirz PLC,8627,2217
"{'username': 'stutzlena', 'name': 'Joel Ott', 'sex': 'M', 'address': 'Frickstrasse 57\n7186 Hinwil', 'mail': 'saebi@gmail.com', 'birthdate': datetime.date(1998, 2, 14)}",Serkan Fuchs,saskiamarti@example.org,UX/UI Designer,True,False,True,"Benz, Hoffmann and Favre",3762,6814
"{'username': 'ymeister', 'name': 'Caterina Bieri', 'sex': 'M', 'address': 'Stalderstrasse 51\n8099 Möhlin', 'mail': 'ernstbrigitta@yahoo.com', 'birthdate': datetime.date(1922, 4, 30)}",Dr. Yves Stocker,beatebaur@example.com,Full Stack Developer,True,True,True,Siegrist and Sons,1757,1139
"{'username': 'melisahuber', 'name': 'Patrick Schmid', 'sex': 'F', 'address': 'Schwabstrasse 57\n5222 Einsiedeln', 'mail': 'giovanniwalter@gmail.com', 'birthdate': datetime.date(1941, 9, 2)}",Prof. Jeanine Häfliger,anneliesehaas@example.net,Full Stack Developer,True,True,True,Blaser PLC,5844,9423
"{'username': 'rueggsabri', 'name': 'Edmund Brunner', 'sex': 'F', 'address': 'Schlatterstrasse 2\n5657 Wil', 'mail': 'ewabraun@hotmail.com', 'birthdate': datetime.date(1958, 9, 29)}",Déborah Bianchi Häfliger,forstermuhamed@example.org,Full Stack Developer,True,True,True,Jäggi LLC,9822,1376
"{'username': 'erikahauser', 'name': 'Salome Hug', 'sex': 'M', 'address': 'Blaserstrasse 79\n7863 Onex', 'mail': 'hermanngerber@yahoo.com', 'birthdate': datetime.date(1980, 2, 25)}",Gertrude Braun,buchermarcela@example.org,Systems Analyst,True,True,False,Hirt Group,3500,1269
"{'username': 'wagnerlutz', 'name': 'Virginia Steinmann', 'sex': 'M', 'address': 'Winklerstrasse 301\n2716 Köniz', 'mail': 'zbrunner@yahoo.com', 'birthdate': datetime.date(1992, 2, 28)}",Alisa Geiger,nicoletta96@example.org,IT Consultant,True,True,True,Weber-Kägi,9418,9786
"{'username': 'leonard82', 'name': 'Romano Bär', 'sex': 'M', 'address': 'Suterstrasse 6\n5580 Kriens', 'mail': 'gabor72@yahoo.com', 'birthdate': datetime.date(1920, 10, 21)}",Vincenza Maier Ott,cedric16@example.com,Post Doctoral Researcher,False,True,True,Kunz and Sons,4804,3197
"{'username': 'lyaackermann', 'name': 'Danijel Braun', 'sex': 'M', 'address': 'Walderstrasse 92\n8760 Kriens', 'mail': 'ritterkatja@gmail.com', 'birthdate': datetime.date(1953, 11, 6)}",Mégane Wirz-Iten,joseph92@example.org,Post Doctoral Researcher,True,True,False,Bernasconi Group,9486,5720
"{'username': 'zurcherflamur', 'name': 'Jiri Zimmermann', 'sex': 'M', 'address': 'Weberstrasse 99\n6147 Val-de-Ruz', 'mail': 'samantahauser@gmail.com', 'birthdate': datetime.date(1933, 11, 11)}",Nathan Mayer,leufritz@example.com,Post Doctoral Researcher,True,True,True,"Ernst, Steinmann and Rey",1555,8862
"{'username': 'lukassutter', 'name': 'Grazia Amrein', 'sex': 'F', 'address': 'Lustenbergerstrasse 35\n9200 Horgen', 'mail': 'jmader@yahoo.com', 'birthdate': datetime.date(1951, 12, 16)}",Kujtim Hasler,nmarti@example.net,UX/UI Designer,True,False,False,Sigrist LLC,4138,5156
"{'username': 'meisterchristelle', 'name': 'Dr. Alwin Furrer', 'sex': 'F', 'address': 'Friedlistrasse 66\n8257 Mendrisio', 'mail': 'corinna34@yahoo.com', 'birthdate': datetime.date(1929, 3, 14)}",Melissa Gloor-Bucher,goran36@example.com,IT Consultant,True,False,True,Schneider LLC,1095,1262
"{'username': 'schweizersylvia', 'name': 'Emilio Senn', 'sex': 'F', 'address': 'Hoferstrasse 3\n4502 Siders', 'mail': 'jelena37@yahoo.com', 'birthdate': datetime.date(1971, 5, 7)}",Claude Baumann Rey,nikowalter@example.net,Data Scientist,True,True,True,Stadelmann Inc,3417,7500
"{'username': 'schaferali', 'name': 'Sanela Lehmann Schär', 'sex': 'M', 'address': 'Hunzikerstrasse 58\n1055 Steffisburg', 'mail': 'tmeili@hotmail.com', 'birthdate': datetime.date(1991, 9, 6)}",Audrey Blaser,branko14@example.org,Systems Analyst,True,True,True,Zimmermann-Bachmann,5757,5726
"{'username': 'ingeeichenberger', 'name': 'Louisa Winkler', 'sex': 'F', 'address': 'Schumacherstrasse 954\n7474 Langenthal', 'mail': 'xaver79@hotmail.com', 'birthdate': datetime.date(1987, 4, 9)}",Dr. Wanda Steinmann,friedligianfranco@example.org,Full Stack Developer,True,True,True,"Sidler, Pfister and Michel",5339,5130
"{'username': 'gerbergerda', 'name': 'Marie-Louise Graf', 'sex': 'F', 'address': 'Eugsterstrasse 97\n8301 Arbon', 'mail': 'ivicaernst@hotmail.com', 'birthdate': datetime.date(2014, 6, 11)}",Pascale Herzog,ihauser@example.com,Marketing and Communications Expert,True,True,True,"Lüscher, Spörri and Kägi",7019,6421
"{'username': 'vogtemir', 'name': 'Prof. Stefan Bühler', 'sex': 'F', 'address': 'Gigerstrasse 456\n3898 Stäfa', 'mail': 'vschaub@hotmail.com', 'birthdate': datetime.date(2006, 7, 7)}",Beata Bucher,arben72@example.org,Marketing and Communications Expert,False,True,True,Gasser-Steffen,7912,8418
